InvoiceNo,Description
1,Juice
1,Fish
1,Zucchini
1,Tomato
1,Ugli Fruit
1,Lemon
1,Xigua
1,Quinoa
1,Nuts
1,Strawberry
2,Ugli Fruit
2,Orange
2,Fish
2,Xigua
2,Tomato
2,Apple
2,Juice
2,Nuts
3,Zucchini
3,Ugli Fruit
3,Strawberry
3,Tomato
3,Juice
3,Raspberry
3,Honey
3,Orange
3,Mango
4,Pineapple
4,Orange
4,Xigua
4,Apple
4,Nuts
4,Lemon
4,Vanilla
5,Nuts
5,Quinoa
6,Banana
6,Raspberry
6,Kiwi
6,Tomato
6,Mango
6,Juice
6,Zucchini
6,Grapes
6,Ugli Fruit
6,Fish
7,Nuts
7,Fish
7,Quinoa
7,Watermelon
7,Mango
7,Raspberry
8,Quinoa
8,Mango
8,Nuts
8,Pineapple
8,Raspberry
8,Orange
8,Strawberry
8,Ugli Fruit
9,Fish
9,Apple
9,Ice Cream
9,Zucchini
9,Vanilla
9,Pineapple
9,Eggs
9,Xigua
9,Tomato
9,Kiwi
10,Lemon
10,Cherry
11,Raspberry
12,Dates
12,Lemon
12,Pineapple
13,Orange
14,Watermelon
14,Vanilla
14,Apple
14,Tomato
15,Strawberry
15,Vanilla
15,Orange
15,Dates
15,Kiwi
15,Xigua
15,Ice Cream
15,Eggs
15,Yam
16,Honey
16,Tomato
16,Vanilla
16,Strawberry
16,Yam
16,Pineapple
16,Juice
16,Apple
16,Xigua
16,Ice Cream
17,Banana
17,Eggs
17,Lemon
17,Cherry
17,Watermelon
17,Nuts
17,Fish
18,Cherry
18,Honey
18,Raspberry
18,Eggs
18,Orange
19,Cherry
19,Lemon
19,Ice Cream
20,Zucchini
20,Quinoa
20,Eggs
21,Banana
21,Raspberry
21,Nuts
21,Ugli Fruit
21,Juice
21,Vanilla
21,Dates
21,Apple
21,Pineapple
22,Pineapple
23,Banana
23,Xigua
23,Juice
23,Orange
23,Nuts
23,Yam
23,Tomato
23,Watermelon
23,Strawberry
23,Cherry
24,Strawberry
25,Mango
26,Banana
26,Ice Cream
26,Lemon
26,Strawberry
26,Tomato
26,Grapes
27,Zucchini
27,Orange
28,Zucchini
29,Honey
29,Xigua
30,Lemon
30,Ice Cream
30,Cherry
30,Dates
30,Xigua
30,Vanilla
30,Ugli Fruit
30,Honey
30,Raspberry
31,Eggs
31,Dates
31,Vanilla
31,Fish
31,Zucchini
31,Mango
31,Kiwi
32,Ice Cream
32,Juice
32,Quinoa
32,Banana
33,Cherry
33,Ice Cream
33,Tomato
34,Grapes
34,Kiwi
34,Honey
34,Banana
34,Tomato
35,Kiwi
35,Banana
35,Quinoa
35,Orange
36,Eggs
36,Xigua
36,Yam
37,Banana
37,Mango
37,Eggs
37,Fish
37,Pineapple
37,Ice Cream
37,Quinoa
38,Nuts
38,Cherry
38,Strawberry
38,Lemon
38,Honey
38,Zucchini
38,Vanilla
38,Banana
39,Raspberry
39,Vanilla
39,Eggs
39,Ice Cream
39,Mango
40,Banana
40,Dates
40,Raspberry
40,Tomato
41,Dates
41,Kiwi
41,Zucchini
41,Eggs
41,Vanilla
41,Yam
41,Mango
41,Quinoa
42,Ugli Fruit
42,Juice
43,Kiwi
43,Ice Cream
43,Mango
44,Yam
44,Dates
44,Honey
44,Kiwi
44,Watermelon
44,Eggs
44,Strawberry
44,Vanilla
45,Zucchini
45,Quinoa
45,Nuts
46,Juice
47,Yam
47,Juice
47,Raspberry
47,Grapes
47,Zucchini
47,Nuts
47,Banana
48,Lemon
48,Raspberry
48,Ice Cream
48,Cherry
48,Vanilla
49,Raspberry
49,Tomato
49,Grapes
49,Zucchini
49,Lemon
49,Orange
50,Fish
50,Eggs
50,Apple
51,Cherry
51,Raspberry
51,Mango
51,Apple
51,Lemon
51,Vanilla
52,Ice Cream
52,Dates
52,Yam
52,Cherry
52,Apple
52,Raspberry
52,Watermelon
52,Ugli Fruit
52,Kiwi
52,Strawberry
53,Raspberry
53,Tomato
53,Zucchini
53,Yam
53,Quinoa
53,Ugli Fruit
54,Quinoa
55,Dates
56,Ice Cream
56,Tomato
56,Ugli Fruit
56,Watermelon
56,Quinoa
56,Dates
56,Kiwi
56,Mango
56,Apple
57,Grapes
57,Juice
57,Apple
57,Fish
57,Eggs
57,Tomato
57,Ugli Fruit
57,Mango
57,Quinoa
57,Vanilla
58,Lemon
58,Orange
58,Grapes
58,Eggs
58,Watermelon
58,Tomato
58,Xigua
58,Dates
59,Tomato
59,Lemon
59,Watermelon
59,Yam
59,Nuts
59,Ice Cream
60,Grapes
60,Kiwi
60,Vanilla
60,Strawberry
60,Dates
60,Juice
60,Raspberry
61,Pineapple
61,Ice Cream
61,Quinoa
61,Ugli Fruit
62,Fish
62,Cherry
63,Ice Cream
64,Nuts
64,Watermelon
64,Vanilla
65,Raspberry
65,Juice
65,Orange
65,Yam
65,Mango
65,Fish
65,Ugli Fruit
66,Orange
66,Dates
66,Yam
66,Juice
66,Pineapple
66,Lemon
66,Strawberry
67,Honey
68,Kiwi
68,Honey
69,Eggs
69,Quinoa
70,Grapes
70,Apple
70,Pineapple
70,Ugli Fruit
70,Banana
70,Raspberry
70,Xigua
70,Fish
70,Juice
71,Ice Cream
71,Orange
71,Cherry
71,Banana
71,Yam
71,Raspberry
71,Lemon
71,Pineapple
71,Xigua
71,Dates
72,Lemon
72,Grapes
73,Apple
73,Quinoa
73,Ugli Fruit
74,Ice Cream
74,Orange
74,Mango
74,Quinoa
74,Yam
74,Vanilla
74,Ugli Fruit
75,Quinoa
75,Juice
75,Xigua
76,Watermelon
76,Xigua
76,Dates
76,Orange
77,Ice Cream
78,Raspberry
78,Nuts
79,Raspberry
80,Kiwi
80,Ice Cream
80,Orange
81,Xigua
81,Kiwi
81,Grapes
81,Ugli Fruit
81,Nuts
82,Lemon
82,Zucchini
82,Honey
82,Watermelon
82,Orange
82,Pineapple
82,Raspberry
83,Kiwi
83,Mango
83,Vanilla
83,Zucchini
83,Grapes
83,Honey
83,Tomato
83,Watermelon
83,Lemon
84,Zucchini
84,Vanilla
84,Pineapple
84,Kiwi
84,Fish
84,Ice Cream
84,Juice
84,Cherry
85,Cherry
85,Apple
85,Grapes
85,Quinoa
85,Nuts
85,Raspberry
85,Fish
86,Cherry
86,Dates
86,Honey
86,Grapes
86,Vanilla
87,Quinoa
87,Xigua
87,Grapes
87,Ugli Fruit
87,Nuts
87,Juice
87,Ice Cream
87,Raspberry
88,Kiwi
89,Tomato
89,Eggs
89,Ice Cream
89,Kiwi
89,Raspberry
89,Banana
90,Raspberry
91,Strawberry
92,Xigua
92,Pineapple
92,Kiwi
92,Nuts
92,Lemon
92,Tomato
92,Zucchini
93,Fish
93,Pineapple
93,Kiwi
93,Apple
93,Mango
93,Honey
93,Strawberry
94,Orange
94,Watermelon
94,Juice
94,Ugli Fruit
95,Banana
95,Watermelon
95,Ugli Fruit
95,Juice
95,Honey
95,Eggs
95,Raspberry
95,Tomato
95,Apple
95,Ice Cream
96,Ice Cream
96,Kiwi
96,Tomato
96,Strawberry
96,Zucchini
96,Vanilla
96,Xigua
96,Orange
96,Mango
97,Ice Cream
97,Tomato
97,Yam
97,Honey
97,Nuts
98,Juice
98,Pineapple
98,Raspberry
98,Nuts
98,Eggs
98,Zucchini
98,Watermelon
98,Kiwi
99,Ugli Fruit
99,Fish
99,Mango
99,Orange
100,Ice Cream
100,Mango
100,Yam
100,Kiwi
100,Lemon
100,Eggs
100,Xigua
101,Watermelon
101,Lemon
101,Quinoa
101,Ice Cream
101,Zucchini
101,Raspberry
102,Grapes
102,Eggs
102,Vanilla
102,Kiwi
102,Apple
102,Cherry
102,Orange
102,Quinoa
102,Strawberry
102,Xigua
103,Strawberry
103,Fish
104,Eggs
104,Xigua
104,Ice Cream
104,Juice
104,Pineapple
104,Cherry
104,Fish
104,Yam
105,Kiwi
105,Ugli Fruit
105,Banana
106,Honey
106,Nuts
107,Xigua
107,Ugli Fruit
107,Lemon
107,Cherry
107,Tomato
107,Apple
107,Mango
107,Yam
108,Eggs
108,Lemon
108,Kiwi
108,Dates
109,Strawberry
109,Nuts
109,Eggs
109,Kiwi
110,Lemon
110,Yam
110,Pineapple
110,Xigua
110,Mango
110,Nuts
110,Juice
110,Vanilla
110,Honey
111,Nuts
111,Strawberry
111,Tomato
111,Mango
111,Fish
111,Raspberry
111,Orange
111,Pineapple
111,Vanilla
112,Tomato
112,Strawberry
112,Grapes
113,Ice Cream
113,Tomato
113,Quinoa
114,Honey
114,Tomato
115,Raspberry
115,Lemon
115,Yam
115,Cherry
115,Mango
115,Eggs
116,Apple
116,Raspberry
116,Lemon
116,Strawberry
117,Raspberry
118,Eggs
118,Dates
118,Vanilla
118,Quinoa
118,Orange
118,Apple
118,Yam
118,Strawberry
118,Ice Cream
119,Strawberry
119,Orange
119,Pineapple
119,Vanilla
120,Vanilla
120,Orange
120,Quinoa
121,Dates
121,Yam
121,Watermelon
121,Quinoa
121,Kiwi
121,Lemon
121,Orange
121,Xigua
122,Zucchini
122,Mango
122,Quinoa
122,Kiwi
122,Honey
122,Orange
122,Ugli Fruit
122,Strawberry
122,Banana
123,Juice
123,Yam
123,Lemon
123,Zucchini
123,Vanilla
124,Quinoa
124,Orange
124,Ice Cream
124,Nuts
124,Banana
124,Juice
124,Watermelon
124,Yam
124,Dates
125,Honey
126,Cherry
126,Grapes
126,Yam
126,Pineapple
126,Quinoa
126,Honey
127,Nuts
127,Raspberry
127,Fish
127,Orange
127,Ugli Fruit
127,Tomato
127,Eggs
127,Zucchini
127,Xigua
127,Grapes
128,Pineapple
128,Watermelon
128,Grapes
129,Ice Cream
129,Pineapple
129,Quinoa
129,Vanilla
129,Zucchini
129,Orange
129,Eggs
129,Strawberry
129,Lemon
130,Lemon
130,Apple
130,Tomato
130,Watermelon
130,Kiwi
131,Ice Cream
132,Raspberry
132,Yam
133,Ugli Fruit
133,Pineapple
133,Vanilla
133,Apple
133,Watermelon
134,Eggs
135,Fish
135,Ice Cream
135,Xigua
135,Cherry
135,Apple
135,Banana
135,Raspberry
135,Mango
135,Ugli Fruit
135,Dates
136,Fish
136,Pineapple
136,Ice Cream
136,Raspberry
136,Tomato
137,Apple
137,Ice Cream
137,Grapes
137,Mango
137,Yam
137,Nuts
138,Banana
138,Dates
138,Eggs
138,Juice
138,Apple
138,Watermelon
138,Cherry
138,Fish
138,Mango
138,Orange
139,Juice
139,Yam
140,Mango
140,Watermelon
140,Pineapple
140,Yam
140,Banana
140,Lemon
141,Yam
141,Vanilla
141,Tomato
141,Kiwi
141,Raspberry
141,Nuts
141,Mango
141,Ugli Fruit
141,Lemon
142,Apple
142,Dates
142,Orange
142,Xigua
142,Banana
142,Juice
142,Watermelon
142,Strawberry
142,Nuts
143,Cherry
143,Orange
144,Vanilla
144,Ice Cream
144,Zucchini
144,Tomato
145,Xigua
145,Yam
145,Lemon
145,Juice
145,Eggs
145,Banana
145,Apple
146,Ice Cream
146,Quinoa
146,Orange
146,Pineapple
146,Strawberry
146,Grapes
146,Ugli Fruit
146,Dates
146,Honey
147,Fish
147,Ugli Fruit
147,Dates
147,Apple
147,Cherry
147,Eggs
148,Tomato
148,Ice Cream
148,Kiwi
148,Ugli Fruit
148,Strawberry
148,Juice
148,Eggs
148,Quinoa
149,Nuts
149,Quinoa
149,Tomato
150,Apple
151,Vanilla
151,Apple
152,Watermelon
152,Juice
152,Ice Cream
152,Zucchini
152,Kiwi
153,Ice Cream
153,Zucchini
153,Cherry
153,Kiwi
153,Quinoa
153,Dates
153,Xigua
153,Lemon
153,Eggs
153,Pineapple
154,Pineapple
154,Orange
154,Banana
154,Dates
154,Eggs
154,Xigua
154,Tomato
154,Fish
154,Strawberry
155,Nuts
155,Raspberry
155,Ugli Fruit
155,Yam
155,Vanilla
155,Quinoa
156,Xigua
156,Apple
157,Fish
157,Quinoa
157,Watermelon
157,Eggs
157,Xigua
157,Raspberry
157,Lemon
158,Apple
158,Yam
159,Vanilla
159,Tomato
159,Mango
159,Watermelon
159,Fish
159,Apple
159,Ugli Fruit
159,Quinoa
159,Juice
159,Cherry
160,Quinoa
160,Zucchini
161,Grapes
161,Juice
161,Honey
161,Ice Cream
161,Eggs
161,Cherry
161,Fish
162,Xigua
162,Cherry
162,Pineapple
163,Banana
163,Tomato
163,Juice
163,Dates
163,Nuts
163,Pineapple
163,Xigua
163,Watermelon
163,Lemon
164,Vanilla
164,Kiwi
165,Fish
165,Honey
165,Tomato
165,Kiwi
165,Quinoa
165,Strawberry
165,Xigua
165,Orange
165,Mango
166,Quinoa
166,Honey
166,Apple
166,Vanilla
166,Raspberry
167,Nuts
167,Ice Cream
167,Yam
167,Eggs
167,Ugli Fruit
167,Lemon
167,Grapes
167,Juice
167,Dates
167,Apple
168,Cherry
168,Apple
168,Lemon
168,Juice
168,Watermelon
168,Yam
168,Honey
169,Strawberry
169,Mango
170,Kiwi
170,Xigua
170,Watermelon
170,Quinoa
170,Vanilla
170,Orange
170,Banana
170,Dates
171,Pineapple
171,Raspberry
171,Dates
171,Lemon
171,Cherry
171,Quinoa
171,Ugli Fruit
171,Watermelon
171,Fish
171,Tomato
172,Juice
172,Nuts
172,Xigua
172,Yam
172,Ugli Fruit
173,Mango
173,Watermelon
173,Yam
173,Banana
173,Dates
174,Lemon
174,Quinoa
174,Fish
175,Yam
175,Vanilla
175,Grapes
175,Fish
175,Raspberry
175,Zucchini
176,Vanilla
176,Raspberry
176,Pineapple
176,Ice Cream
176,Watermelon
176,Mango
176,Grapes
176,Ugli Fruit
176,Banana
176,Cherry
177,Dates
177,Apple
177,Fish
177,Quinoa
177,Xigua
177,Grapes
178,Grapes
178,Ugli Fruit
178,Pineapple
178,Strawberry
178,Banana
178,Xigua
178,Orange
178,Zucchini
178,Honey
179,Cherry
179,Lemon
179,Mango
179,Pineapple
180,Orange
180,Dates
180,Zucchini
180,Yam
180,Strawberry
181,Xigua
181,Ice Cream
182,Ugli Fruit
182,Mango
182,Strawberry
182,Watermelon
182,Honey
182,Raspberry
182,Lemon
182,Tomato
183,Kiwi
184,Watermelon
184,Raspberry
184,Ice Cream
184,Zucchini
184,Ugli Fruit
184,Pineapple
184,Kiwi
184,Dates
185,Vanilla
185,Juice
185,Grapes
185,Kiwi
185,Mango
185,Ugli Fruit
186,Eggs
186,Xigua
186,Ugli Fruit
186,Yam
186,Pineapple
187,Ugli Fruit
187,Ice Cream
187,Raspberry
188,Apple
188,Ice Cream
188,Quinoa
188,Xigua
188,Tomato
188,Pineapple
188,Mango
189,Watermelon
189,Dates
189,Kiwi
189,Lemon
189,Vanilla
189,Banana
189,Grapes
190,Ugli Fruit
190,Juice
190,Orange
190,Zucchini
190,Apple
190,Vanilla
190,Watermelon
190,Lemon
190,Banana
190,Kiwi
191,Pineapple
191,Quinoa
191,Apple
192,Zucchini
192,Quinoa
193,Ugli Fruit
193,Xigua
193,Nuts
193,Watermelon
193,Grapes
194,Xigua
194,Yam
194,Ice Cream
194,Quinoa
194,Juice
194,Strawberry
194,Banana
195,Fish
196,Zucchini
196,Mango
196,Honey
196,Ugli Fruit
196,Xigua
196,Pineapple
196,Watermelon
196,Fish
196,Nuts
196,Quinoa
197,Kiwi
197,Fish
197,Pineapple
197,Strawberry
198,Grapes
198,Nuts
198,Orange
198,Apple
198,Ice Cream
198,Watermelon
198,Cherry
199,Eggs
199,Yam
199,Cherry
199,Kiwi
199,Strawberry
199,Zucchini
200,Quinoa
200,Zucchini
200,Tomato
200,Nuts
200,Cherry
200,Yam
200,Pineapple
201,Apple
201,Grapes
201,Dates
201,Juice
201,Kiwi
201,Vanilla
201,Nuts
201,Fish
202,Zucchini
202,Strawberry
202,Ugli Fruit
202,Apple
202,Dates
202,Xigua
202,Grapes
203,Vanilla
203,Banana
203,Kiwi
203,Ugli Fruit
203,Grapes
203,Juice
203,Eggs
203,Apple
204,Pineapple
204,Strawberry
204,Ice Cream
204,Raspberry
204,Tomato
204,Juice
204,Orange
204,Mango
204,Xigua
205,Xigua
205,Watermelon
205,Quinoa
206,Yam
206,Quinoa
206,Strawberry
206,Pineapple
206,Kiwi
206,Zucchini
207,Juice
208,Kiwi
208,Dates
208,Ugli Fruit
208,Tomato
208,Grapes
208,Orange
208,Honey
208,Quinoa
208,Cherry
208,Nuts
209,Apple
209,Kiwi
209,Eggs
209,Grapes
209,Mango
209,Xigua
210,Cherry
210,Grapes
210,Mango
211,Pineapple
211,Cherry
211,Honey
211,Juice
211,Xigua
211,Yam
211,Apple
211,Banana
211,Orange
211,Fish
212,Tomato
212,Lemon
212,Watermelon
212,Cherry
212,Pineapple
212,Honey
212,Vanilla
213,Vanilla
214,Honey
215,Fish
215,Apple
215,Ice Cream
215,Quinoa
216,Fish
216,Raspberry
216,Eggs
216,Nuts
216,Zucchini
216,Mango
216,Cherry
216,Dates
217,Dates
217,Orange
217,Raspberry
218,Fish
218,Kiwi
218,Ice Cream
218,Juice
218,Lemon
218,Nuts
219,Fish
219,Watermelon
219,Juice
219,Raspberry
220,Raspberry
220,Vanilla
220,Ugli Fruit
220,Juice
220,Xigua
220,Dates
220,Fish
221,Mango
221,Lemon
221,Watermelon
221,Juice
221,Apple
222,Vanilla
222,Banana
223,Kiwi
223,Tomato
223,Pineapple
223,Lemon
223,Grapes
223,Quinoa
224,Ice Cream
225,Grapes
225,Honey
225,Dates
226,Ice Cream
226,Grapes
226,Watermelon
226,Mango
226,Quinoa
226,Apple
226,Lemon
226,Ugli Fruit
226,Xigua
226,Pineapple
227,Honey
227,Strawberry
228,Watermelon
228,Eggs
228,Ice Cream
228,Banana
228,Yam
228,Apple
228,Xigua
228,Juice
228,Grapes
228,Ugli Fruit
229,Mango
229,Honey
229,Ugli Fruit
229,Fish
230,Cherry
230,Juice
230,Mango
230,Lemon
230,Zucchini
230,Vanilla
231,Ugli Fruit
232,Tomato
232,Vanilla
232,Nuts
232,Pineapple
232,Strawberry
232,Watermelon
232,Dates
233,Cherry
233,Tomato
233,Banana
233,Vanilla
233,Watermelon
233,Strawberry
234,Banana
235,Banana
235,Vanilla
236,Xigua
236,Watermelon
236,Nuts
236,Raspberry
236,Quinoa
236,Lemon
236,Apple
236,Zucchini
237,Pineapple
237,Mango
237,Grapes
237,Ugli Fruit
237,Lemon
237,Quinoa
237,Fish
237,Vanilla
238,Juice
238,Xigua
238,Watermelon
238,Dates
238,Zucchini
238,Nuts
238,Ice Cream
239,Pineapple
239,Cherry
240,Ice Cream
240,Banana
240,Xigua
240,Quinoa
240,Dates
240,Tomato
240,Fish
241,Ugli Fruit
241,Kiwi
241,Fish
241,Ice Cream
241,Grapes
242,Grapes
242,Dates
242,Honey
242,Zucchini
242,Eggs
242,Watermelon
242,Juice
242,Banana
242,Raspberry
242,Xigua
243,Xigua
243,Watermelon
243,Strawberry
243,Mango
243,Orange
243,Ice Cream
244,Tomato
244,Fish
244,Ugli Fruit
245,Raspberry
245,Honey
245,Banana
245,Strawberry
245,Mango
245,Apple
245,Vanilla
246,Cherry
246,Ice Cream
246,Juice
246,Ugli Fruit
246,Kiwi
246,Strawberry
246,Mango
247,Grapes
247,Kiwi
247,Tomato
247,Ice Cream
247,Juice
247,Honey
247,Mango
247,Pineapple
248,Eggs
248,Honey
248,Tomato
248,Nuts
248,Ugli Fruit
248,Pineapple
249,Quinoa
249,Zucchini
249,Strawberry
250,Yam
250,Eggs
250,Cherry
250,Banana
251,Lemon
251,Pineapple
251,Ice Cream
251,Cherry
251,Orange
251,Grapes
252,Kiwi
252,Juice
252,Banana
252,Quinoa
252,Fish
252,Watermelon
252,Nuts
252,Mango
253,Juice
253,Kiwi
253,Lemon
254,Fish
254,Strawberry
254,Nuts
254,Quinoa
255,Banana
255,Apple
255,Xigua
255,Ugli Fruit
255,Juice
255,Tomato
256,Banana
256,Tomato
256,Orange
256,Kiwi
256,Fish
256,Juice
256,Honey
256,Cherry
257,Cherry
257,Tomato
257,Raspberry
257,Nuts
257,Honey
257,Watermelon
257,Ugli Fruit
257,Strawberry
257,Quinoa
258,Strawberry
258,Ugli Fruit
258,Banana
258,Dates
258,Fish
258,Apple
258,Xigua
258,Tomato
258,Mango
259,Cherry
259,Orange
259,Ice Cream
260,Grapes
260,Yam
260,Vanilla
260,Tomato
260,Mango
260,Banana
260,Raspberry
260,Ugli Fruit
260,Quinoa
261,Banana
261,Honey
261,Apple
262,Apple
262,Tomato
262,Honey
262,Vanilla
262,Grapes
262,Banana
263,Kiwi
263,Lemon
263,Pineapple
263,Juice
263,Raspberry
264,Xigua
264,Zucchini
264,Vanilla
264,Watermelon
264,Dates
264,Ugli Fruit
264,Juice
264,Strawberry
265,Juice
265,Tomato
265,Honey
265,Strawberry
265,Kiwi
265,Watermelon
265,Grapes
266,Dates
267,Watermelon
267,Kiwi
267,Quinoa
267,Eggs
268,Yam
268,Raspberry
268,Vanilla
269,Grapes
269,Lemon
269,Vanilla
269,Dates
269,Mango
269,Zucchini
270,Ugli Fruit
270,Dates
270,Banana
270,Pineapple
270,Grapes
271,Strawberry
271,Pineapple
271,Cherry
272,Cherry
272,Apple
272,Honey
272,Ice Cream
272,Strawberry
272,Ugli Fruit
272,Vanilla
273,Dates
273,Lemon
273,Apple
273,Eggs
273,Orange
273,Ice Cream
274,Grapes
274,Banana
274,Apple
274,Honey
274,Tomato
274,Juice
274,Vanilla
274,Fish
274,Strawberry
275,Raspberry
275,Fish
275,Ice Cream
275,Kiwi
275,Banana
275,Eggs
276,Lemon
276,Watermelon
276,Ugli Fruit
276,Fish
276,Honey
276,Cherry
276,Tomato
277,Vanilla
277,Raspberry
277,Dates
278,Nuts
278,Lemon
278,Honey
278,Kiwi
278,Cherry
278,Apple
279,Fish
279,Dates
279,Yam
279,Honey
279,Xigua
279,Strawberry
279,Eggs
279,Ice Cream
280,Banana
280,Cherry
280,Mango
280,Yam
280,Raspberry
281,Strawberry
281,Banana
281,Vanilla
281,Nuts
281,Ice Cream
281,Juice
281,Zucchini
281,Lemon
281,Honey
282,Apple
282,Eggs
282,Banana
282,Lemon
282,Ice Cream
282,Zucchini
283,Watermelon
283,Grapes
283,Apple
283,Fish
283,Yam
283,Ugli Fruit
283,Orange
283,Nuts
283,Eggs
283,Vanilla
284,Ice Cream
284,Grapes
284,Mango
285,Yam
285,Grapes
285,Pineapple
285,Strawberry
285,Fish
285,Honey
285,Eggs
286,Orange
286,Pineapple
286,Apple
286,Watermelon
286,Dates
286,Juice
287,Banana
287,Lemon
287,Zucchini
287,Ugli Fruit
287,Vanilla
287,Ice Cream
287,Yam
287,Quinoa
287,Pineapple
287,Kiwi
288,Grapes
288,Tomato
288,Lemon
288,Fish
288,Honey
288,Strawberry
288,Vanilla
288,Nuts
289,Grapes
289,Tomato
289,Nuts
289,Watermelon
289,Dates
289,Quinoa
289,Ugli Fruit
289,Strawberry
290,Mango
290,Grapes
290,Strawberry
290,Orange
291,Juice
291,Zucchini
291,Pineapple
291,Cherry
291,Raspberry
291,Vanilla
291,Yam
291,Ugli Fruit
292,Tomato
292,Orange
292,Quinoa
292,Ice Cream
292,Raspberry
292,Kiwi
292,Pineapple
293,Honey
293,Nuts
293,Mango
293,Quinoa
293,Ice Cream
293,Strawberry
294,Zucchini
294,Cherry
294,Kiwi
294,Honey
295,Fish
296,Watermelon
296,Zucchini
296,Kiwi
296,Pineapple
296,Apple
296,Lemon
296,Strawberry
297,Eggs
297,Pineapple
297,Kiwi
297,Fish
297,Raspberry
298,Vanilla
299,Lemon
299,Raspberry
299,Watermelon
299,Dates
299,Nuts
299,Strawberry
300,Kiwi
300,Dates
300,Lemon
300,Grapes
300,Orange
300,Zucchini
300,Banana
301,Strawberry
301,Fish
301,Grapes
302,Banana
302,Tomato
303,Vanilla
304,Eggs
304,Yam
304,Orange
304,Cherry
304,Tomato
304,Raspberry
304,Kiwi
305,Cherry
305,Orange
305,Strawberry
305,Ugli Fruit
305,Banana
305,Fish
306,Ice Cream
306,Grapes
306,Quinoa
306,Juice
306,Strawberry
306,Mango
306,Honey
306,Fish
306,Apple
306,Lemon
307,Lemon
307,Pineapple
307,Vanilla
308,Tomato
308,Kiwi
308,Strawberry
308,Vanilla
308,Ice Cream
308,Fish
308,Zucchini
308,Banana
308,Grapes
309,Dates
309,Zucchini
309,Orange
310,Raspberry
310,Zucchini
310,Cherry
310,Lemon
310,Fish
310,Quinoa
310,Nuts
310,Kiwi
310,Xigua
310,Watermelon
311,Xigua
311,Ugli Fruit
311,Orange
311,Eggs
311,Strawberry
311,Dates
311,Raspberry
312,Tomato
312,Ugli Fruit
312,Strawberry
312,Cherry
313,Raspberry
313,Juice
313,Yam
313,Pineapple
313,Kiwi
313,Watermelon
313,Zucchini
313,Banana
313,Fish
313,Tomato
314,Nuts
314,Cherry
314,Juice
314,Ugli Fruit
314,Raspberry
314,Yam
314,Vanilla
315,Fish
315,Watermelon
315,Tomato
316,Tomato
316,Ugli Fruit
316,Cherry
316,Apple
316,Orange
316,Watermelon
317,Raspberry
317,Watermelon
318,Grapes
319,Cherry
319,Ugli Fruit
320,Quinoa
320,Honey
320,Zucchini
320,Cherry
320,Juice
320,Nuts
321,Vanilla
322,Mango
322,Cherry
323,Yam
323,Eggs
323,Lemon
323,Nuts
323,Apple
323,Tomato
323,Vanilla
323,Honey
323,Ugli Fruit
324,Fish
324,Ice Cream
324,Honey
325,Ugli Fruit
325,Orange
325,Dates
325,Lemon
325,Grapes
325,Banana
325,Raspberry
325,Yam
325,Cherry
325,Pineapple
326,Juice
326,Zucchini
326,Nuts
326,Tomato
326,Watermelon
326,Eggs
326,Strawberry
326,Apple
326,Ice Cream
327,Nuts
327,Zucchini
327,Juice
327,Quinoa
327,Eggs
328,Quinoa
328,Cherry
328,Fish
328,Eggs
328,Honey
328,Ugli Fruit
328,Pineapple
328,Juice
328,Banana
329,Vanilla
330,Mango
330,Cherry
330,Vanilla
330,Lemon
330,Eggs
330,Honey
330,Apple
330,Fish
330,Quinoa
330,Banana
331,Fish
331,Kiwi
331,Ugli Fruit
331,Xigua
331,Tomato
331,Lemon
331,Orange
332,Raspberry
332,Fish
332,Vanilla
332,Eggs
332,Lemon
332,Ugli Fruit
332,Dates
333,Dates
333,Banana
334,Ice Cream
334,Dates
334,Lemon
335,Tomato
336,Nuts
336,Dates
336,Tomato
337,Strawberry
338,Strawberry
338,Lemon
338,Xigua
339,Ice Cream
340,Mango
340,Vanilla
340,Watermelon
340,Ugli Fruit
341,Lemon
341,Vanilla
341,Apple
341,Orange
341,Yam
342,Apple
342,Kiwi
342,Quinoa
342,Watermelon
343,Strawberry
343,Apple
343,Xigua
343,Nuts
344,Cherry
344,Lemon
344,Raspberry
344,Ice Cream
344,Zucchini
344,Orange
344,Apple
344,Juice
344,Tomato
344,Eggs
345,Dates
345,Juice
345,Quinoa
345,Xigua
345,Vanilla
345,Tomato
345,Nuts
345,Grapes
346,Ugli Fruit
346,Banana
346,Xigua
347,Nuts
348,Mango
348,Dates
348,Vanilla
348,Zucchini
348,Eggs
348,Watermelon
349,Tomato
349,Apple
350,Ice Cream
350,Ugli Fruit
350,Xigua
350,Zucchini
351,Watermelon
351,Yam
351,Banana
352,Apple
352,Pineapple
352,Honey
352,Banana
353,Eggs
353,Mango
353,Raspberry
353,Yam
354,Raspberry
354,Dates
355,Honey
355,Raspberry
355,Pineapple
355,Eggs
356,Juice
356,Grapes
356,Dates
356,Apple
356,Fish
356,Tomato
357,Strawberry
357,Tomato
357,Kiwi
358,Cherry
359,Pineapple
359,Watermelon
359,Lemon
359,Fish
359,Xigua
359,Kiwi
359,Dates
359,Strawberry
359,Yam
359,Quinoa
360,Cherry
360,Strawberry
360,Lemon
361,Grapes
361,Juice
361,Kiwi
361,Tomato
361,Yam
361,Ice Cream
361,Honey
361,Banana
362,Vanilla
362,Quinoa
362,Banana
362,Strawberry
362,Ice Cream
362,Pineapple
363,Mango
364,Yam
364,Watermelon
364,Dates
364,Mango
364,Cherry
365,Grapes
365,Kiwi
365,Xigua
365,Banana
365,Tomato
365,Ugli Fruit
365,Dates
365,Lemon
365,Raspberry
366,Apple
366,Cherry
366,Pineapple
366,Tomato
366,Honey
366,Vanilla
367,Eggs
367,Dates
367,Raspberry
367,Tomato
367,Watermelon
367,Mango
367,Yam
367,Grapes
368,Nuts
368,Raspberry
368,Dates
368,Apple
368,Orange
368,Cherry
368,Honey
368,Strawberry
368,Quinoa
369,Juice
369,Pineapple
369,Cherry
369,Mango
369,Nuts
369,Apple
369,Quinoa
370,Mango
370,Zucchini
370,Raspberry
371,Zucchini
371,Pineapple
371,Banana
371,Apple
371,Mango
371,Watermelon
371,Ice Cream
371,Xigua
371,Juice
371,Lemon
372,Fish
372,Apple
372,Ice Cream
372,Zucchini
373,Banana
373,Dates
373,Honey
373,Zucchini
374,Lemon
374,Dates
374,Xigua
374,Apple
375,Strawberry
375,Nuts
375,Kiwi
375,Fish
375,Quinoa
375,Honey
376,Dates
376,Quinoa
377,Lemon
377,Yam
377,Pineapple
377,Strawberry
377,Ugli Fruit
377,Tomato
377,Banana
377,Eggs
378,Juice
379,Juice
379,Lemon
379,Fish
380,Zucchini
380,Pineapple
380,Juice
380,Strawberry
380,Lemon
380,Vanilla
380,Nuts
380,Xigua
380,Apple
381,Yam
381,Tomato
381,Banana
381,Zucchini
381,Xigua
381,Fish
382,Strawberry
382,Ice Cream
382,Eggs
382,Zucchini
382,Orange
383,Xigua
383,Grapes
383,Kiwi
383,Honey
383,Ugli Fruit
383,Raspberry
383,Eggs
384,Lemon
384,Vanilla
384,Ice Cream
384,Yam
384,Juice
384,Dates
384,Raspberry
385,Cherry
385,Raspberry
385,Vanilla
386,Ugli Fruit
387,Tomato
387,Strawberry
387,Kiwi
387,Cherry
387,Eggs
388,Raspberry
388,Dates
388,Orange
388,Tomato
388,Pineapple
389,Vanilla
389,Juice
390,Juice
390,Mango
390,Zucchini
390,Lemon
391,Quinoa
391,Banana
391,Yam
391,Xigua
391,Lemon
391,Zucchini
391,Ice Cream
391,Tomato
392,Vanilla
392,Honey
392,Juice
392,Grapes
393,Yam
393,Fish
393,Watermelon
393,Grapes
393,Raspberry
393,Pineapple
393,Kiwi
393,Juice
394,Eggs
394,Pineapple
394,Strawberry
395,Raspberry
395,Mango
395,Kiwi
395,Vanilla
395,Zucchini
395,Honey
395,Ice Cream
395,Grapes
395,Ugli Fruit
395,Apple
396,Juice
396,Pineapple
396,Apple
396,Raspberry
396,Strawberry
396,Orange
396,Nuts
396,Dates
396,Banana
396,Watermelon
397,Apple
397,Pineapple
397,Xigua
398,Kiwi
398,Strawberry
398,Cherry
398,Banana
398,Fish
398,Ugli Fruit
398,Eggs
399,Pineapple
399,Ugli Fruit
399,Kiwi
399,Grapes
399,Fish
399,Yam
400,Orange
400,Zucchini
400,Raspberry
400,Tomato
401,Zucchini
401,Raspberry
401,Apple
401,Ice Cream
402,Quinoa
402,Nuts
403,Raspberry
403,Kiwi
403,Dates
403,Ugli Fruit
403,Eggs
403,Xigua
403,Orange
404,Dates
404,Juice
404,Watermelon
404,Raspberry
405,Strawberry
405,Yam
405,Vanilla
405,Eggs
405,Apple
405,Pineapple
405,Lemon
405,Zucchini
406,Juice
406,Ugli Fruit
406,Pineapple
406,Eggs
406,Quinoa
406,Honey
406,Yam
406,Vanilla
406,Zucchini
407,Nuts
407,Mango
407,Vanilla
408,Dates
409,Apple
409,Strawberry
410,Apple
410,Strawberry
410,Lemon
410,Kiwi
410,Zucchini
410,Tomato
411,Zucchini
411,Dates
412,Orange
412,Watermelon
413,Pineapple
413,Quinoa
413,Watermelon
413,Zucchini
414,Eggs
414,Watermelon
414,Pineapple
414,Cherry
414,Vanilla
414,Raspberry
415,Banana
415,Xigua
415,Raspberry
415,Tomato
415,Kiwi
415,Watermelon
415,Dates
415,Orange
415,Pineapple
416,Apple
416,Honey
416,Lemon
416,Vanilla
417,Ugli Fruit
417,Lemon
417,Raspberry
417,Quinoa
418,Xigua
419,Fish
419,Dates
419,Cherry
419,Raspberry
419,Honey
419,Lemon
419,Juice
420,Watermelon
420,Cherry
420,Quinoa
420,Kiwi
420,Banana
420,Lemon
420,Xigua
420,Zucchini
420,Vanilla
421,Cherry
421,Vanilla
421,Fish
421,Pineapple
422,Pineapple
422,Raspberry
422,Fish
422,Juice
423,Dates
423,Mango
423,Vanilla
423,Cherry
423,Raspberry
423,Ice Cream
423,Banana
424,Ice Cream
424,Banana
424,Grapes
424,Lemon
424,Juice
424,Strawberry
424,Mango
424,Cherry
424,Kiwi
425,Apple
425,Pineapple
426,Fish
426,Honey
426,Eggs
426,Quinoa
426,Kiwi
427,Watermelon
427,Fish
427,Nuts
427,Pineapple
427,Lemon
427,Strawberry
427,Banana
427,Apple
427,Zucchini
427,Orange
428,Xigua
428,Nuts
428,Pineapple
428,Cherry
429,Pineapple
429,Xigua
429,Yam
429,Dates
429,Honey
430,Pineapple
430,Lemon
430,Watermelon
430,Grapes
430,Ice Cream
430,Banana
430,Nuts
430,Yam
431,Pineapple
431,Raspberry
431,Fish
431,Banana
431,Grapes
431,Orange
431,Mango
431,Quinoa
431,Kiwi
431,Ugli Fruit
432,Orange
432,Banana
432,Ice Cream
432,Ugli Fruit
432,Juice
432,Grapes
432,Honey
432,Eggs
433,Tomato
433,Dates
433,Apple
433,Cherry
433,Watermelon
433,Banana
433,Zucchini
433,Ugli Fruit
433,Lemon
434,Kiwi
434,Watermelon
434,Cherry
434,Fish
434,Honey
434,Strawberry
434,Dates
434,Eggs
434,Zucchini
434,Ice Cream
435,Dates
435,Lemon
435,Xigua
435,Tomato
435,Watermelon
435,Fish
435,Orange
435,Strawberry
436,Juice
436,Zucchini
437,Cherry
437,Lemon
437,Vanilla
437,Ice Cream
437,Xigua
437,Yam
437,Nuts
437,Raspberry
437,Quinoa
437,Juice
438,Zucchini
438,Ugli Fruit
438,Apple
438,Pineapple
438,Quinoa
438,Cherry
438,Yam
439,Quinoa
439,Tomato
439,Fish
439,Grapes
439,Zucchini
439,Yam
439,Ugli Fruit
440,Banana
440,Cherry
440,Honey
440,Grapes
440,Dates
440,Mango
441,Strawberry
441,Grapes
441,Zucchini
441,Ice Cream
441,Apple
441,Eggs
441,Dates
442,Nuts
442,Pineapple
443,Fish
443,Vanilla
443,Zucchini
443,Lemon
443,Strawberry
443,Eggs
443,Mango
443,Xigua
443,Ugli Fruit
444,Juice
444,Yam
445,Nuts
445,Apple
445,Ice Cream
445,Vanilla
445,Raspberry
445,Ugli Fruit
445,Yam
445,Lemon
445,Juice
446,Quinoa
446,Apple
446,Grapes
446,Vanilla
446,Xigua
447,Orange
447,Strawberry
447,Xigua
447,Mango
447,Tomato
447,Quinoa
447,Juice
447,Ugli Fruit
447,Watermelon
447,Dates
448,Zucchini
448,Fish
448,Nuts
449,Cherry
449,Mango
449,Fish
449,Quinoa
449,Watermelon
449,Ice Cream
449,Raspberry
449,Strawberry
450,Quinoa
450,Kiwi
450,Cherry
450,Watermelon
450,Yam
451,Orange
451,Fish
452,Quinoa
452,Eggs
452,Juice
452,Zucchini
453,Banana
453,Zucchini
453,Nuts
453,Apple
454,Grapes
454,Honey
454,Quinoa
454,Nuts
454,Fish
454,Ugli Fruit
455,Dates
455,Pineapple
455,Ice Cream
455,Quinoa
455,Raspberry
456,Nuts
456,Honey
456,Yam
456,Vanilla
456,Tomato
456,Raspberry
456,Fish
456,Kiwi
456,Strawberry
456,Mango
457,Yam
457,Watermelon
457,Nuts
457,Eggs
457,Orange
457,Ice Cream
457,Kiwi
458,Banana
458,Watermelon
458,Juice
458,Nuts
458,Kiwi
458,Vanilla
458,Strawberry
459,Raspberry
460,Zucchini
461,Lemon
461,Tomato
462,Apple
462,Vanilla
462,Lemon
462,Nuts
462,Juice
462,Orange
462,Banana
462,Eggs
462,Kiwi
462,Xigua
463,Watermelon
463,Juice
463,Raspberry
464,Watermelon
464,Apple
464,Dates
464,Cherry
464,Pineapple
464,Nuts
464,Yam
465,Mango
465,Nuts
465,Vanilla
465,Banana
465,Orange
466,Dates
466,Tomato
466,Fish
466,Orange
466,Grapes
466,Nuts
466,Ugli Fruit
466,Apple
467,Nuts
467,Xigua
467,Raspberry
467,Eggs
467,Honey
468,Fish
468,Zucchini
469,Ice Cream
469,Quinoa
469,Zucchini
469,Nuts
469,Honey
469,Tomato
469,Yam
469,Juice
469,Orange
470,Mango
470,Grapes
470,Xigua
470,Tomato
470,Zucchini
470,Kiwi
470,Honey
470,Fish
470,Banana
471,Strawberry
471,Eggs
471,Vanilla
471,Zucchini
471,Nuts
471,Dates
471,Honey
471,Orange
471,Quinoa
471,Mango
472,Ugli Fruit
472,Xigua
472,Tomato
472,Eggs
472,Lemon
472,Apple
472,Ice Cream
473,Mango
473,Kiwi
473,Dates
474,Tomato
474,Zucchini
474,Quinoa
474,Pineapple
474,Xigua
475,Pineapple
475,Kiwi
475,Banana
475,Dates
475,Eggs
475,Zucchini
475,Xigua
475,Ice Cream
476,Apple
477,Mango
477,Tomato
477,Pineapple
477,Kiwi
477,Juice
477,Apple
477,Quinoa
477,Dates
477,Ugli Fruit
477,Orange
478,Juice
478,Ugli Fruit
478,Grapes
478,Strawberry
478,Orange
478,Honey
478,Vanilla
478,Nuts
478,Apple
479,Mango
479,Lemon
479,Eggs
479,Dates
479,Yam
479,Vanilla
479,Tomato
479,Apple
480,Xigua
480,Lemon
480,Kiwi
480,Ugli Fruit
480,Juice
480,Dates
481,Vanilla
481,Fish
481,Banana
481,Yam
481,Orange
481,Xigua
481,Dates
481,Cherry
482,Ice Cream
482,Juice
482,Fish
482,Raspberry
482,Mango
482,Dates
482,Cherry
482,Lemon
482,Honey
482,Zucchini
483,Apple
483,Tomato
484,Ugli Fruit
484,Quinoa
484,Tomato
484,Pineapple
484,Watermelon
484,Eggs
484,Grapes
484,Mango
484,Ice Cream
485,Zucchini
485,Tomato
485,Watermelon
486,Tomato
486,Apple
486,Dates
487,Watermelon
487,Banana
487,Honey
487,Eggs
487,Ugli Fruit
487,Raspberry
488,Zucchini
488,Vanilla
488,Eggs
488,Ice Cream
488,Quinoa
488,Banana
488,Mango
488,Kiwi
488,Yam
489,Fish
489,Quinoa
489,Grapes
489,Pineapple
489,Tomato
489,Banana
489,Eggs
489,Strawberry
490,Vanilla
490,Pineapple
490,Banana
490,Honey
490,Zucchini
491,Tomato
491,Juice
492,Honey
492,Tomato
493,Pineapple
493,Eggs
493,Banana
493,Zucchini
493,Watermelon
493,Cherry
493,Xigua
493,Nuts
493,Ice Cream
494,Fish
494,Ugli Fruit
494,Quinoa
494,Yam
494,Nuts
494,Pineapple
494,Tomato
495,Xigua
495,Watermelon
495,Orange
495,Honey
495,Kiwi
495,Grapes
495,Nuts
495,Fish
496,Dates
496,Pineapple
496,Cherry
496,Orange
496,Honey
496,Mango
496,Raspberry
497,Ice Cream
497,Ugli Fruit
497,Vanilla
498,Watermelon
498,Kiwi
499,Kiwi
499,Quinoa
499,Mango
499,Raspberry
499,Fish
499,Strawberry
499,Grapes
499,Dates
500,Zucchini
500,Pineapple
500,Quinoa
500,Grapes
500,Dates
500,Tomato
500,Mango
500,Vanilla
501,Eggs
501,Ugli Fruit
501,Quinoa
501,Yam
501,Pineapple
502,Watermelon
502,Dates
502,Raspberry
502,Grapes
502,Banana
502,Eggs
503,Tomato
503,Juice
503,Kiwi
503,Ugli Fruit
503,Ice Cream
504,Mango
504,Nuts
505,Yam
505,Fish
505,Zucchini
505,Dates
505,Ugli Fruit
505,Watermelon
505,Banana
505,Nuts
505,Pineapple
506,Dates
506,Mango
506,Fish
506,Raspberry
506,Yam
506,Honey
506,Vanilla
506,Watermelon
506,Orange
506,Kiwi
507,Vanilla
507,Kiwi
507,Banana
507,Zucchini
507,Tomato
507,Cherry
507,Apple
507,Grapes
508,Grapes
508,Strawberry
508,Pineapple
509,Kiwi
510,Eggs
511,Grapes
511,Banana
511,Kiwi
511,Eggs
511,Ice Cream
511,Zucchini
511,Pineapple
511,Orange
511,Fish
512,Zucchini
512,Tomato
512,Pineapple
512,Juice
513,Grapes
513,Quinoa
513,Tomato
513,Eggs
514,Dates
514,Banana
514,Orange
514,Kiwi
514,Fish
514,Pineapple
514,Apple
514,Ugli Fruit
514,Strawberry
515,Lemon
515,Juice
515,Eggs
515,Kiwi
515,Honey
515,Yam
515,Zucchini
515,Mango
516,Apple
516,Orange
516,Lemon
516,Cherry
516,Nuts
517,Lemon
517,Juice
517,Banana
517,Pineapple
517,Ugli Fruit
517,Apple
518,Orange
518,Nuts
518,Eggs
518,Honey
518,Juice
518,Xigua
518,Zucchini
518,Watermelon
518,Banana
519,Juice
519,Watermelon
519,Grapes
520,Quinoa
521,Banana
521,Mango
521,Honey
522,Zucchini
523,Quinoa
523,Mango
523,Nuts
523,Eggs
523,Dates
524,Raspberry
524,Vanilla
524,Fish
525,Eggs
525,Dates
525,Ice Cream
525,Nuts
526,Pineapple
526,Fish
526,Yam
526,Zucchini
527,Yam
527,Eggs
527,Raspberry
528,Dates
528,Xigua
528,Orange
528,Lemon
528,Honey
528,Ice Cream
528,Kiwi
528,Quinoa
528,Watermelon
528,Apple
529,Zucchini
529,Tomato
529,Quinoa
529,Nuts
529,Strawberry
530,Banana
530,Watermelon
530,Pineapple
530,Xigua
530,Quinoa
531,Apple
531,Juice
532,Yam
532,Honey
532,Grapes
533,Tomato
533,Banana
534,Lemon
534,Mango
534,Xigua
534,Zucchini
534,Ugli Fruit
535,Kiwi
535,Yam
535,Vanilla
536,Eggs
536,Raspberry
536,Nuts
537,Watermelon
537,Strawberry
537,Orange
537,Ugli Fruit
537,Banana
537,Honey
537,Dates
537,Quinoa
537,Juice
538,Zucchini
538,Watermelon
538,Nuts
538,Mango
538,Pineapple
538,Grapes
538,Raspberry
539,Honey
539,Pineapple
539,Raspberry
539,Kiwi
539,Cherry
539,Mango
539,Nuts
539,Strawberry
540,Ugli Fruit
540,Vanilla
540,Kiwi
540,Strawberry
540,Banana
540,Lemon
540,Apple
541,Zucchini
541,Watermelon
541,Cherry
541,Orange
541,Grapes
541,Banana
541,Apple
541,Nuts
541,Ice Cream
542,Vanilla
542,Tomato
542,Ugli Fruit
543,Ugli Fruit
543,Mango
544,Yam
545,Ice Cream
546,Raspberry
546,Ugli Fruit
546,Yam
546,Orange
547,Ice Cream
547,Mango
547,Vanilla
547,Kiwi
547,Quinoa
547,Pineapple
547,Watermelon
548,Fish
549,Ice Cream
549,Ugli Fruit
549,Banana
549,Xigua
549,Vanilla
549,Grapes
549,Zucchini
549,Pineapple
549,Mango
549,Eggs
550,Honey
550,Grapes
550,Vanilla
550,Cherry
550,Mango
550,Ice Cream
550,Zucchini
550,Lemon
550,Ugli Fruit
550,Fish
551,Juice
551,Grapes
551,Mango
551,Honey
551,Cherry
551,Lemon
551,Nuts
551,Banana
551,Xigua
552,Zucchini
552,Tomato
552,Fish
552,Watermelon
552,Quinoa
553,Nuts
553,Grapes
553,Honey
553,Lemon
553,Eggs
554,Eggs
554,Xigua
554,Kiwi
554,Ugli Fruit
554,Tomato
554,Quinoa
554,Mango
554,Juice
554,Orange
555,Banana
555,Mango
555,Eggs
555,Nuts
555,Apple
555,Honey
556,Ice Cream
556,Quinoa
556,Banana
556,Grapes
556,Cherry
556,Yam
556,Tomato
557,Pineapple
557,Quinoa
557,Banana
557,Mango
557,Nuts
558,Quinoa
558,Xigua
558,Kiwi
558,Banana
558,Mango
558,Raspberry
559,Pineapple
559,Lemon
559,Quinoa
559,Zucchini
559,Watermelon
559,Nuts
559,Xigua
559,Mango
560,Raspberry
560,Dates
560,Strawberry
560,Xigua
560,Lemon
561,Kiwi
561,Ugli Fruit
561,Orange
562,Raspberry
562,Grapes
562,Yam
562,Nuts
562,Watermelon
562,Kiwi
562,Eggs
562,Tomato
563,Pineapple
563,Xigua
564,Raspberry
565,Zucchini
565,Dates
566,Orange
566,Cherry
566,Quinoa
567,Honey
567,Banana
567,Kiwi
567,Grapes
567,Juice
567,Raspberry
567,Pineapple
568,Strawberry
568,Lemon
568,Raspberry
568,Fish
568,Banana
568,Yam
568,Tomato
568,Honey
568,Zucchini
569,Xigua
569,Yam
569,Nuts
569,Cherry
569,Lemon
570,Juice
570,Nuts
570,Cherry
571,Fish
571,Yam
571,Kiwi
571,Strawberry
571,Apple
571,Honey
571,Pineapple
571,Orange
571,Nuts
571,Xigua
572,Zucchini
572,Dates
572,Watermelon
572,Grapes
572,Banana
572,Juice
572,Vanilla
572,Mango
572,Tomato
572,Eggs
573,Xigua
573,Cherry
573,Mango
574,Eggs
575,Yam
575,Raspberry
575,Xigua
575,Honey
575,Orange
575,Strawberry
575,Vanilla
576,Juice
576,Watermelon
576,Strawberry
576,Apple
576,Banana
576,Zucchini
576,Ice Cream
576,Tomato
577,Pineapple
577,Kiwi
577,Tomato
577,Cherry
577,Zucchini
577,Mango
578,Ugli Fruit
578,Banana
578,Zucchini
578,Pineapple
578,Tomato
578,Dates
578,Mango
578,Grapes
579,Banana
579,Ice Cream
580,Juice
580,Eggs
580,Grapes
580,Orange
580,Cherry
580,Quinoa
580,Xigua
580,Watermelon
580,Mango
581,Apple
581,Juice
581,Watermelon
581,Tomato
581,Pineapple
581,Quinoa
581,Strawberry
582,Grapes
582,Juice
582,Dates
583,Banana
583,Watermelon
583,Quinoa
583,Raspberry
584,Yam
584,Watermelon
584,Fish
584,Raspberry
584,Kiwi
584,Dates
585,Raspberry
585,Tomato
585,Yam
585,Ugli Fruit
585,Kiwi
586,Tomato
586,Pineapple
586,Strawberry
586,Eggs
586,Kiwi
587,Strawberry
587,Xigua
587,Juice
587,Yam
588,Raspberry
588,Fish
588,Orange
588,Ugli Fruit
588,Nuts
588,Eggs
588,Xigua
588,Pineapple
588,Lemon
588,Strawberry
589,Xigua
589,Dates
589,Mango
589,Lemon
589,Quinoa
589,Honey
589,Apple
589,Nuts
590,Kiwi
590,Honey
590,Nuts
590,Cherry
591,Zucchini
591,Kiwi
591,Grapes
591,Xigua
591,Lemon
592,Honey
592,Raspberry
592,Grapes
592,Fish
593,Raspberry
593,Strawberry
593,Tomato
593,Kiwi
593,Ice Cream
593,Xigua
593,Banana
593,Orange
593,Vanilla
593,Yam
594,Cherry
594,Lemon
594,Yam
594,Eggs
594,Mango
594,Pineapple
595,Apple
595,Lemon
595,Quinoa
595,Xigua
595,Nuts
595,Fish
596,Pineapple
596,Dates
596,Ice Cream
596,Nuts
596,Apple
596,Fish
597,Cherry
597,Juice
597,Xigua
598,Juice
598,Watermelon
598,Kiwi
598,Grapes
598,Dates
598,Vanilla
599,Ice Cream
600,Fish
600,Zucchini
601,Ice Cream
601,Orange
601,Xigua
601,Ugli Fruit
601,Tomato
601,Apple
602,Lemon
602,Watermelon
602,Zucchini
602,Juice
602,Cherry
602,Grapes
603,Orange
603,Pineapple
603,Juice
603,Banana
603,Watermelon
603,Cherry
603,Tomato
603,Yam
603,Raspberry
603,Zucchini
604,Dates
604,Xigua
604,Nuts
605,Yam
605,Honey
605,Watermelon
605,Strawberry
605,Dates
605,Cherry
606,Juice
607,Watermelon
607,Ice Cream
607,Dates
607,Juice
607,Kiwi
607,Ugli Fruit
607,Nuts
607,Vanilla
607,Xigua
607,Zucchini
608,Honey
608,Pineapple
608,Kiwi
608,Mango
608,Nuts
608,Juice
608,Xigua
608,Dates
608,Zucchini
609,Raspberry
609,Vanilla
609,Cherry
609,Fish
609,Grapes
610,Pineapple
610,Kiwi
610,Lemon
610,Apple
610,Yam
610,Raspberry
611,Apple
612,Juice
612,Kiwi
612,Apple
612,Grapes
612,Cherry
612,Xigua
612,Orange
612,Fish
612,Quinoa
613,Eggs
613,Dates
613,Quinoa
613,Watermelon
613,Mango
613,Kiwi
613,Xigua
614,Watermelon
615,Dates
615,Banana
615,Ugli Fruit
615,Vanilla
615,Juice
616,Banana
616,Watermelon
616,Juice
616,Orange
616,Mango
616,Honey
616,Vanilla
616,Dates
616,Tomato
617,Yam
617,Banana
617,Apple
618,Quinoa
618,Orange
618,Raspberry
618,Mango
618,Strawberry
618,Honey
618,Fish
618,Ice Cream
619,Eggs
619,Xigua
620,Watermelon
620,Orange
620,Strawberry
621,Honey
622,Strawberry
622,Pineapple
622,Fish
622,Quinoa
623,Banana
623,Kiwi
623,Quinoa
623,Vanilla
623,Fish
623,Juice
623,Nuts
624,Tomato
624,Ugli Fruit
624,Banana
624,Vanilla
624,Quinoa
624,Raspberry
624,Cherry
625,Quinoa
625,Juice
625,Nuts
625,Vanilla
625,Pineapple
625,Strawberry
625,Tomato
625,Ugli Fruit
626,Tomato
626,Zucchini
627,Nuts
628,Raspberry
628,Zucchini
628,Ice Cream
628,Dates
628,Eggs
629,Nuts
629,Vanilla
629,Strawberry
630,Nuts
630,Pineapple
630,Vanilla
630,Cherry
630,Zucchini
630,Watermelon
630,Raspberry
630,Fish
630,Xigua
631,Nuts
631,Vanilla
631,Juice
631,Cherry
631,Quinoa
632,Banana
632,Honey
632,Nuts
633,Watermelon
633,Quinoa
633,Raspberry
633,Cherry
633,Pineapple
634,Eggs
634,Zucchini
634,Orange
634,Cherry
635,Pineapple
635,Eggs
635,Ugli Fruit
635,Orange
635,Kiwi
635,Xigua
636,Orange
636,Eggs
636,Ice Cream
636,Yam
636,Zucchini
636,Raspberry
636,Lemon
636,Mango
637,Lemon
638,Fish
638,Banana
638,Kiwi
638,Zucchini
638,Dates
638,Juice
638,Honey
639,Strawberry
639,Ugli Fruit
639,Banana
639,Tomato
640,Quinoa
641,Tomato
642,Quinoa
642,Orange
642,Vanilla
642,Apple
642,Xigua
642,Pineapple
642,Strawberry
643,Watermelon
643,Mango
643,Quinoa
643,Lemon
643,Yam
643,Banana
643,Fish
643,Honey
643,Ice Cream
643,Juice
644,Cherry
644,Zucchini
644,Apple
644,Watermelon
644,Kiwi
645,Yam
645,Eggs
645,Quinoa
645,Orange
646,Banana
646,Vanilla
647,Banana
647,Watermelon
647,Eggs
647,Nuts
647,Raspberry
647,Mango
647,Ugli Fruit
647,Strawberry
648,Ugli Fruit
648,Lemon
649,Nuts
649,Eggs
649,Grapes
650,Grapes
650,Lemon
650,Kiwi
650,Orange
650,Cherry
651,Fish
652,Ugli Fruit
653,Cherry
653,Eggs
653,Nuts
653,Strawberry
653,Apple
654,Vanilla
654,Honey
654,Yam
654,Mango
654,Nuts
654,Ice Cream
654,Eggs
654,Watermelon
654,Fish
654,Cherry
655,Quinoa
655,Apple
655,Honey
655,Eggs
655,Pineapple
655,Banana
655,Ice Cream
655,Orange
656,Quinoa
656,Apple
656,Fish
656,Grapes
656,Mango
656,Ice Cream
656,Honey
656,Ugli Fruit
657,Nuts
657,Tomato
657,Mango
657,Honey
657,Strawberry
657,Vanilla
657,Raspberry
657,Zucchini
657,Ugli Fruit
658,Pineapple
658,Cherry
658,Raspberry
658,Ice Cream
658,Ugli Fruit
658,Kiwi
658,Honey
658,Nuts
658,Juice
659,Pineapple
659,Zucchini
659,Quinoa
659,Lemon
659,Grapes
659,Dates
659,Fish
660,Lemon
660,Pineapple
660,Cherry
660,Kiwi
660,Banana
660,Watermelon
660,Strawberry
661,Dates
661,Nuts
661,Grapes
661,Mango
661,Orange
662,Mango
662,Dates
662,Ice Cream
662,Honey
662,Tomato
662,Grapes
662,Cherry
662,Kiwi
663,Honey
663,Ice Cream
664,Raspberry
664,Mango
664,Eggs
664,Honey
664,Apple
664,Banana
664,Kiwi
664,Watermelon
665,Grapes
665,Vanilla
665,Eggs
665,Nuts
665,Honey
665,Watermelon
665,Juice
665,Xigua
665,Yam
666,Kiwi
666,Watermelon
666,Orange
666,Dates
667,Ice Cream
668,Eggs
668,Apple
668,Orange
669,Juice
669,Lemon
670,Raspberry
670,Quinoa
671,Banana
671,Mango
672,Raspberry
672,Tomato
672,Honey
673,Lemon
673,Pineapple
673,Dates
673,Watermelon
674,Yam
674,Xigua
674,Cherry
674,Lemon
674,Juice
675,Xigua
676,Ice Cream
676,Mango
676,Yam
676,Honey
676,Vanilla
676,Ugli Fruit
676,Tomato
676,Dates
676,Quinoa
677,Watermelon
677,Honey
677,Zucchini
677,Grapes
677,Vanilla
677,Xigua
677,Nuts
678,Quinoa
678,Vanilla
678,Lemon
678,Watermelon
678,Yam
678,Tomato
678,Dates
678,Banana
679,Cherry
679,Honey
679,Pineapple
679,Strawberry
679,Fish
679,Juice
679,Watermelon
679,Nuts
679,Ice Cream
679,Ugli Fruit
680,Ice Cream
681,Quinoa
682,Zucchini
683,Grapes
683,Banana
683,Fish
683,Dates
684,Honey
684,Watermelon
684,Zucchini
684,Mango
684,Raspberry
684,Ice Cream
684,Eggs
685,Pineapple
685,Yam
685,Vanilla
685,Apple
686,Orange
686,Grapes
686,Raspberry
687,Fish
688,Ugli Fruit
688,Kiwi
688,Vanilla
688,Xigua
688,Honey
688,Zucchini
688,Orange
688,Fish
688,Tomato
688,Strawberry
689,Eggs
689,Zucchini
689,Tomato
689,Ugli Fruit
689,Mango
690,Watermelon
690,Kiwi
690,Fish
690,Eggs
690,Xigua
690,Dates
690,Quinoa
690,Honey
690,Lemon
691,Yam
691,Cherry
691,Lemon
691,Orange
691,Watermelon
691,Vanilla
691,Banana
691,Quinoa
692,Tomato
692,Xigua
692,Grapes
692,Lemon
692,Ugli Fruit
692,Dates
692,Juice
692,Cherry
692,Eggs
692,Yam
693,Eggs
693,Cherry
694,Quinoa
694,Apple
695,Xigua
695,Honey
695,Tomato
695,Pineapple
695,Banana
695,Fish
695,Strawberry
695,Quinoa
695,Nuts
695,Yam
696,Eggs
696,Vanilla
696,Banana
696,Ice Cream
696,Strawberry
696,Zucchini
696,Watermelon
696,Fish
696,Pineapple
697,Apple
697,Eggs
698,Quinoa
698,Juice
698,Vanilla
698,Nuts
698,Lemon
698,Ugli Fruit
699,Yam
699,Strawberry
699,Ice Cream
699,Pineapple
699,Mango
700,Nuts
701,Apple
701,Cherry
701,Tomato
701,Lemon
701,Fish
701,Xigua
701,Juice
702,Yam
702,Apple
702,Honey
702,Tomato
702,Mango
702,Pineapple
702,Quinoa
703,Fish
703,Orange
703,Nuts
703,Ugli Fruit
703,Mango
703,Honey
703,Apple
703,Juice
703,Banana
704,Banana
704,Grapes
704,Eggs
704,Ice Cream
704,Fish
704,Pineapple
705,Eggs
705,Vanilla
705,Strawberry
705,Ugli Fruit
705,Yam
705,Pineapple
706,Honey
706,Fish
706,Pineapple
706,Juice
706,Banana
706,Raspberry
706,Lemon
707,Cherry
707,Honey
707,Apple
707,Watermelon
707,Tomato
707,Ice Cream
707,Strawberry
708,Banana
708,Apple
708,Orange
708,Grapes
708,Tomato
708,Watermelon
709,Ice Cream
709,Yam
709,Vanilla
709,Watermelon
709,Zucchini
709,Dates
709,Raspberry
709,Fish
709,Grapes
710,Pineapple
710,Vanilla
710,Banana
710,Mango
710,Orange
710,Watermelon
711,Nuts
711,Watermelon
711,Apple
711,Tomato
711,Quinoa
711,Banana
711,Eggs
712,Strawberry
712,Kiwi
712,Banana
712,Orange
713,Strawberry
713,Zucchini
713,Ice Cream
713,Cherry
713,Apple
713,Quinoa
713,Fish
713,Dates
714,Juice
714,Honey
715,Ugli Fruit
716,Watermelon
716,Honey
716,Banana
716,Orange
717,Orange
717,Tomato
717,Vanilla
717,Eggs
717,Strawberry
717,Cherry
717,Lemon
717,Kiwi
718,Lemon
718,Vanilla
718,Xigua
718,Strawberry
718,Zucchini
718,Grapes
718,Yam
718,Honey
718,Juice
718,Dates
719,Vanilla
719,Juice
719,Watermelon
719,Apple
719,Dates
719,Grapes
719,Pineapple
720,Juice
721,Vanilla
722,Tomato
723,Honey
723,Xigua
723,Cherry
723,Strawberry
723,Grapes
723,Ice Cream
723,Zucchini
723,Pineapple
723,Apple
724,Apple
724,Eggs
724,Banana
724,Quinoa
724,Kiwi
724,Pineapple
724,Zucchini
724,Strawberry
724,Mango
725,Quinoa
725,Xigua
725,Orange
725,Pineapple
725,Banana
725,Nuts
726,Vanilla
726,Fish
726,Kiwi
726,Lemon
726,Apple
727,Juice
727,Strawberry
727,Watermelon
727,Xigua
727,Zucchini
728,Raspberry
728,Watermelon
728,Lemon
728,Mango
728,Ugli Fruit
728,Banana
728,Tomato
729,Eggs
729,Vanilla
729,Mango
730,Ugli Fruit
730,Nuts
730,Vanilla
731,Orange
731,Yam
731,Banana
732,Ugli Fruit
732,Apple
732,Banana
732,Kiwi
732,Honey
732,Vanilla
732,Quinoa
732,Fish
733,Dates
733,Eggs
733,Vanilla
733,Yam
733,Lemon
733,Honey
733,Orange
734,Watermelon
734,Kiwi
734,Tomato
734,Zucchini
734,Apple
734,Orange
734,Nuts
734,Honey
734,Mango
734,Eggs
735,Yam
735,Orange
735,Mango
735,Eggs
735,Xigua
735,Juice
735,Pineapple
735,Tomato
736,Pineapple
736,Orange
736,Nuts
736,Honey
736,Cherry
736,Raspberry
736,Mango
736,Quinoa
737,Raspberry
738,Cherry
738,Quinoa
738,Fish
738,Watermelon
738,Banana
738,Raspberry
738,Apple
738,Pineapple
739,Kiwi
739,Nuts
739,Honey
740,Apple
741,Raspberry
741,Banana
741,Orange
741,Yam
741,Apple
741,Pineapple
741,Fish
741,Kiwi
741,Cherry
742,Raspberry
742,Dates
742,Xigua
742,Banana
743,Watermelon
743,Tomato
743,Fish
743,Zucchini
744,Pineapple
744,Orange
744,Juice
744,Watermelon
744,Eggs
745,Pineapple
745,Yam
745,Strawberry
745,Apple
745,Mango
745,Vanilla
745,Nuts
745,Cherry
746,Watermelon
746,Dates
746,Fish
746,Strawberry
746,Xigua
747,Cherry
747,Watermelon
747,Yam
748,Orange
748,Raspberry
748,Grapes
748,Kiwi
748,Quinoa
749,Vanilla
749,Mango
749,Banana
749,Kiwi
750,Watermelon
750,Eggs
750,Vanilla
750,Juice
750,Honey
750,Nuts
750,Yam
751,Ice Cream
751,Tomato
751,Banana
751,Nuts
751,Quinoa
751,Juice
751,Orange
752,Pineapple
752,Ugli Fruit
752,Zucchini
752,Dates
752,Mango
753,Cherry
753,Zucchini
753,Watermelon
753,Apple
753,Xigua
753,Nuts
753,Tomato
753,Fish
753,Mango
754,Eggs
754,Cherry
754,Dates
754,Apple
754,Ugli Fruit
755,Apple
755,Orange
755,Banana
756,Kiwi
756,Tomato
756,Honey
756,Juice
756,Pineapple
756,Nuts
756,Watermelon
756,Apple
757,Honey
757,Eggs
757,Cherry
757,Grapes
758,Mango
758,Juice
758,Eggs
758,Ice Cream
758,Zucchini
758,Lemon
758,Cherry
758,Nuts
758,Fish
759,Grapes
759,Tomato
759,Raspberry
759,Xigua
759,Apple
759,Cherry
759,Fish
759,Pineapple
759,Mango
759,Orange
760,Honey
760,Quinoa
760,Watermelon
760,Ugli Fruit
760,Strawberry
760,Xigua
760,Vanilla
760,Tomato
760,Mango
760,Grapes
761,Watermelon
762,Banana
762,Apple
762,Dates
762,Strawberry
763,Dates
763,Xigua
763,Lemon
764,Yam
764,Dates
764,Kiwi
764,Grapes
764,Eggs
764,Banana
764,Cherry
765,Kiwi
765,Mango
765,Strawberry
765,Lemon
765,Apple
765,Banana
765,Juice
766,Kiwi
766,Ice Cream
767,Juice
768,Apple
768,Dates
768,Quinoa
768,Honey
768,Grapes
768,Yam
769,Watermelon
769,Banana
769,Mango
769,Yam
770,Quinoa
770,Zucchini
770,Strawberry
771,Tomato
771,Pineapple
771,Juice
771,Strawberry
771,Watermelon
771,Lemon
771,Apple
771,Honey
772,Dates
772,Xigua
772,Ice Cream
772,Zucchini
772,Pineapple
772,Honey
772,Fish
773,Lemon
773,Apple
773,Juice
773,Yam
773,Zucchini
773,Fish
773,Quinoa
773,Ice Cream
774,Grapes
774,Raspberry
774,Banana
774,Xigua
774,Zucchini
774,Eggs
774,Vanilla
774,Nuts
775,Watermelon
775,Lemon
775,Yam
775,Orange
775,Juice
775,Cherry
776,Xigua
776,Eggs
776,Ugli Fruit
776,Cherry
776,Fish
776,Nuts
776,Tomato
777,Tomato
777,Pineapple
778,Grapes
778,Strawberry
778,Apple
778,Honey
778,Orange
778,Nuts
778,Kiwi
778,Ice Cream
778,Lemon
778,Yam
779,Raspberry
779,Yam
779,Banana
779,Fish
779,Strawberry
779,Xigua
779,Watermelon
779,Kiwi
779,Cherry
780,Pineapple
780,Nuts
780,Mango
780,Xigua
781,Ugli Fruit
781,Raspberry
781,Yam
781,Lemon
782,Zucchini
783,Strawberry
783,Watermelon
783,Raspberry
783,Vanilla
783,Honey
783,Tomato
783,Cherry
783,Quinoa
784,Banana
784,Ice Cream
784,Yam
784,Vanilla
784,Orange
785,Quinoa
785,Cherry
785,Lemon
785,Ice Cream
785,Yam
785,Grapes
786,Orange
787,Strawberry
787,Mango
788,Tomato
789,Xigua
789,Vanilla
789,Juice
789,Honey
789,Cherry
789,Yam
789,Lemon
789,Strawberry
790,Fish
791,Ice Cream
791,Cherry
791,Quinoa
791,Orange
791,Apple
791,Banana
791,Vanilla
791,Ugli Fruit
791,Fish
791,Lemon
792,Vanilla
792,Raspberry
792,Cherry
792,Orange
792,Lemon
792,Yam
793,Banana
793,Tomato
793,Cherry
793,Quinoa
793,Strawberry
793,Dates
793,Yam
793,Juice
794,Vanilla
794,Xigua
794,Cherry
794,Fish
794,Quinoa
794,Raspberry
794,Apple
794,Zucchini
795,Quinoa
795,Raspberry
795,Dates
795,Cherry
796,Eggs
796,Vanilla
796,Grapes
797,Ugli Fruit
798,Honey
798,Ugli Fruit
798,Raspberry
798,Quinoa
798,Kiwi
799,Lemon
799,Mango
799,Strawberry
799,Raspberry
799,Apple
799,Eggs
799,Zucchini
799,Juice
799,Quinoa
800,Pineapple
800,Honey
800,Banana
800,Mango
800,Lemon
800,Dates
800,Juice
800,Orange
800,Xigua
801,Zucchini
801,Grapes
801,Yam
801,Banana
801,Lemon
801,Eggs
801,Nuts
802,Juice
802,Honey
802,Dates
802,Grapes
802,Watermelon
802,Mango
802,Tomato
802,Orange
802,Fish
802,Strawberry
803,Eggs
803,Apple
803,Pineapple
803,Nuts
803,Kiwi
804,Tomato
804,Xigua
804,Dates
805,Grapes
805,Pineapple
805,Raspberry
805,Lemon
806,Quinoa
807,Mango
807,Pineapple
807,Nuts
807,Yam
807,Ice Cream
807,Raspberry
808,Lemon
808,Yam
808,Banana
808,Juice
808,Raspberry
808,Dates
808,Apple
808,Strawberry
808,Eggs
809,Quinoa
809,Yam
809,Zucchini
809,Nuts
809,Raspberry
809,Grapes
809,Ice Cream
809,Eggs
810,Dates
810,Cherry
810,Lemon
810,Fish
810,Raspberry
810,Ice Cream
810,Zucchini
810,Orange
811,Orange
811,Tomato
811,Watermelon
812,Juice
812,Eggs
812,Ice Cream
812,Watermelon
813,Pineapple
814,Grapes
814,Vanilla
814,Lemon
814,Watermelon
814,Xigua
815,Zucchini
815,Yam
815,Cherry
815,Vanilla
815,Apple
815,Watermelon
815,Eggs
815,Strawberry
816,Mango
816,Watermelon
817,Tomato
817,Juice
817,Quinoa
817,Banana
817,Nuts
817,Lemon
817,Pineapple
817,Xigua
818,Mango
818,Raspberry
819,Xigua
819,Grapes
819,Tomato
819,Watermelon
819,Apple
819,Dates
819,Mango
819,Pineapple
819,Ice Cream
820,Strawberry
820,Dates
820,Honey
820,Lemon
820,Yam
820,Nuts
820,Quinoa
820,Zucchini
820,Fish
820,Pineapple
821,Mango
821,Tomato
821,Yam
821,Apple
821,Ugli Fruit
821,Grapes
822,Ugli Fruit
822,Mango
822,Zucchini
822,Yam
822,Cherry
822,Fish
822,Lemon
822,Banana
822,Tomato
822,Eggs
823,Orange
823,Tomato
824,Mango
824,Quinoa
824,Zucchini
825,Kiwi
825,Cherry
825,Xigua
825,Nuts
825,Zucchini
826,Cherry
826,Orange
826,Lemon
826,Grapes
826,Nuts
826,Yam
826,Fish
827,Grapes
827,Eggs
827,Strawberry
828,Ugli Fruit
829,Watermelon
829,Xigua
829,Mango
829,Lemon
829,Strawberry
830,Mango
830,Pineapple
830,Quinoa
830,Ugli Fruit
830,Apple
831,Grapes
831,Vanilla
831,Tomato
831,Mango
831,Ugli Fruit
831,Apple
831,Yam
831,Honey
832,Pineapple
832,Watermelon
833,Yam
833,Mango
833,Strawberry
833,Ice Cream
833,Nuts
833,Cherry
833,Grapes
833,Apple
834,Xigua
834,Mango
835,Strawberry
835,Ugli Fruit
835,Nuts
835,Lemon
835,Watermelon
835,Tomato
835,Mango
836,Lemon
836,Mango
837,Yam
837,Grapes
837,Strawberry
838,Grapes
838,Xigua
838,Ugli Fruit
838,Ice Cream
838,Pineapple
838,Juice
838,Raspberry
839,Banana
839,Cherry
839,Orange
840,Ugli Fruit
840,Dates
840,Mango
840,Honey
840,Zucchini
840,Fish
841,Tomato
841,Cherry
842,Ugli Fruit
842,Grapes
843,Kiwi
843,Xigua
843,Honey
843,Orange
843,Yam
843,Raspberry
843,Dates
843,Zucchini
843,Watermelon
844,Nuts
844,Cherry
844,Quinoa
844,Kiwi
844,Mango
844,Ugli Fruit
844,Juice
844,Xigua
845,Kiwi
845,Quinoa
845,Raspberry
845,Strawberry
845,Vanilla
845,Banana
845,Fish
846,Vanilla
846,Apple
846,Cherry
847,Vanilla
847,Juice
847,Orange
847,Strawberry
848,Orange
848,Tomato
848,Quinoa
848,Nuts
848,Xigua
848,Dates
848,Pineapple
848,Watermelon
849,Tomato
849,Cherry
849,Juice
849,Raspberry
849,Quinoa
849,Xigua
849,Lemon
849,Ugli Fruit
849,Eggs
849,Banana
850,Vanilla
850,Kiwi
850,Strawberry
850,Tomato
850,Pineapple
850,Eggs
850,Lemon
850,Orange
850,Apple
851,Kiwi
851,Vanilla
851,Apple
851,Mango
851,Grapes
852,Lemon
852,Banana
852,Dates
853,Cherry
853,Banana
853,Grapes
853,Watermelon
853,Vanilla
853,Lemon
853,Kiwi
853,Strawberry
853,Quinoa
854,Apple
854,Ugli Fruit
854,Banana
854,Mango
854,Orange
854,Kiwi
855,Raspberry
855,Grapes
855,Strawberry
855,Orange
856,Tomato
856,Cherry
857,Eggs
857,Raspberry
857,Vanilla
857,Lemon
858,Cherry
858,Dates
858,Juice
858,Nuts
858,Raspberry
858,Honey
858,Vanilla
859,Kiwi
859,Tomato
859,Zucchini
859,Ice Cream
859,Nuts
859,Ugli Fruit
859,Cherry
859,Eggs
859,Orange
860,Dates
860,Honey
860,Tomato
861,Xigua
861,Watermelon
862,Apple
862,Juice
862,Ice Cream
862,Orange
862,Mango
863,Eggs
863,Nuts
863,Ice Cream
863,Juice
863,Quinoa
863,Zucchini
863,Banana
863,Honey
863,Kiwi
863,Watermelon
864,Mango
865,Orange
865,Ugli Fruit
866,Strawberry
866,Cherry
866,Kiwi
866,Dates
867,Apple
867,Ice Cream
867,Juice
867,Watermelon
867,Cherry
867,Quinoa
867,Fish
867,Grapes
868,Raspberry
868,Pineapple
868,Eggs
868,Kiwi
868,Mango
869,Nuts
869,Pineapple
869,Yam
869,Juice
869,Eggs
869,Strawberry
869,Cherry
869,Banana
869,Ice Cream
869,Vanilla
870,Eggs
870,Xigua
870,Lemon
870,Strawberry
870,Pineapple
870,Watermelon
871,Watermelon
871,Tomato
871,Xigua
871,Ugli Fruit
871,Ice Cream
871,Dates
871,Grapes
871,Honey
872,Xigua
872,Grapes
872,Pineapple
872,Fish
872,Zucchini
872,Watermelon
873,Fish
873,Eggs
873,Strawberry
873,Yam
873,Lemon
873,Honey
873,Tomato
874,Apple
874,Watermelon
874,Honey
874,Raspberry
874,Mango
874,Lemon
874,Cherry
874,Zucchini
874,Fish
875,Kiwi
875,Mango
875,Raspberry
875,Xigua
875,Quinoa
875,Lemon
875,Dates
875,Pineapple
875,Apple
875,Grapes
876,Pineapple
877,Juice
877,Orange
877,Strawberry
877,Ugli Fruit
877,Eggs
877,Cherry
877,Xigua
877,Dates
877,Tomato
877,Nuts
878,Ice Cream
878,Orange
878,Yam
878,Fish
878,Ugli Fruit
879,Raspberry
879,Vanilla
879,Mango
879,Ice Cream
879,Grapes
879,Juice
880,Apple
880,Ugli Fruit
880,Strawberry
880,Ice Cream
880,Honey
880,Kiwi
880,Banana
880,Lemon
881,Grapes
882,Apple
882,Kiwi
882,Juice
883,Ugli Fruit
883,Tomato
883,Juice
883,Cherry
883,Ice Cream
884,Watermelon
884,Quinoa
884,Eggs
884,Strawberry
884,Yam
884,Raspberry
885,Banana
885,Strawberry
885,Nuts
885,Grapes
885,Ugli Fruit
885,Honey
885,Quinoa
885,Cherry
885,Kiwi
886,Nuts
886,Mango
886,Ice Cream
886,Strawberry
886,Orange
887,Banana
887,Yam
887,Watermelon
887,Apple
887,Nuts
887,Zucchini
887,Lemon
887,Xigua
887,Quinoa
887,Tomato
888,Zucchini
888,Yam
888,Juice
888,Mango
888,Vanilla
888,Kiwi
888,Apple
889,Grapes
889,Dates
890,Juice
890,Watermelon
890,Banana
890,Dates
890,Lemon
891,Dates
891,Tomato
891,Ugli Fruit
891,Grapes
892,Cherry
892,Pineapple
892,Lemon
892,Banana
892,Juice
892,Tomato
893,Ice Cream
894,Ugli Fruit
894,Nuts
894,Fish
894,Juice
894,Orange
894,Xigua
894,Mango
895,Grapes
895,Pineapple
895,Xigua
895,Juice
895,Apple
895,Kiwi
895,Eggs
895,Nuts
895,Watermelon
896,Strawberry
896,Vanilla
896,Fish
896,Watermelon
896,Pineapple
896,Dates
896,Grapes
896,Yam
897,Xigua
897,Ice Cream
897,Vanilla
897,Yam
897,Cherry
897,Quinoa
897,Ugli Fruit
897,Kiwi
897,Orange
898,Zucchini
898,Yam
898,Ice Cream
898,Tomato
898,Pineapple
899,Ice Cream
899,Zucchini
899,Grapes
899,Ugli Fruit
900,Pineapple
900,Honey
900,Fish
900,Vanilla
900,Strawberry
900,Nuts
900,Tomato
900,Juice
900,Grapes
900,Watermelon
901,Ice Cream
901,Lemon
901,Juice
901,Zucchini
901,Grapes
902,Zucchini
902,Banana
902,Watermelon
902,Orange
902,Apple
902,Raspberry
902,Mango
902,Eggs
902,Juice
902,Dates
903,Pineapple
903,Nuts
903,Cherry
903,Orange
903,Watermelon
903,Xigua
903,Fish
903,Quinoa
904,Dates
904,Fish
904,Pineapple
904,Juice
904,Vanilla
904,Mango
904,Apple
904,Ice Cream
904,Tomato
904,Kiwi
905,Ugli Fruit
905,Yam
905,Eggs
906,Watermelon
906,Xigua
906,Mango
906,Lemon
906,Orange
906,Juice
906,Yam
906,Strawberry
906,Honey
907,Cherry
907,Orange
907,Quinoa
907,Lemon
907,Tomato
907,Dates
907,Eggs
907,Watermelon
908,Banana
908,Zucchini
908,Juice
908,Lemon
908,Watermelon
909,Honey
909,Zucchini
909,Eggs
909,Watermelon
909,Orange
909,Raspberry
909,Xigua
909,Ugli Fruit
909,Fish
909,Ice Cream
910,Pineapple
911,Nuts
911,Yam
911,Ice Cream
911,Watermelon
911,Xigua
911,Raspberry
912,Ugli Fruit
912,Ice Cream
912,Fish
912,Yam
912,Zucchini
913,Raspberry
913,Nuts
913,Strawberry
913,Eggs
913,Pineapple
913,Apple
913,Tomato
913,Quinoa
913,Kiwi
914,Apple
914,Cherry
914,Nuts
914,Grapes
914,Tomato
915,Vanilla
915,Banana
915,Pineapple
915,Juice
915,Lemon
915,Quinoa
915,Nuts
915,Strawberry
916,Strawberry
916,Grapes
916,Pineapple
916,Apple
916,Zucchini
916,Mango
916,Yam
916,Cherry
916,Ugli Fruit
916,Vanilla
917,Mango
917,Honey
917,Ugli Fruit
918,Strawberry
918,Fish
918,Tomato
918,Zucchini
918,Grapes
918,Kiwi
918,Honey
918,Eggs
919,Dates
919,Grapes
919,Lemon
919,Yam
919,Kiwi
919,Watermelon
919,Mango
919,Apple
919,Ice Cream
919,Quinoa
920,Grapes
920,Mango
920,Xigua
920,Apple
920,Pineapple
920,Dates
921,Kiwi
921,Apple
921,Yam
922,Watermelon
922,Tomato
922,Lemon
922,Mango
922,Orange
923,Ugli Fruit
923,Dates
924,Honey
924,Watermelon
924,Pineapple
924,Cherry
925,Fish
926,Raspberry
926,Cherry
926,Fish
926,Zucchini
926,Apple
926,Juice
926,Ice Cream
927,Xigua
927,Cherry
927,Vanilla
927,Fish
927,Zucchini
927,Tomato
927,Kiwi
928,Strawberry
928,Watermelon
928,Fish
928,Ugli Fruit
928,Raspberry
928,Lemon
928,Banana
928,Cherry
928,Juice
928,Ice Cream
929,Eggs
929,Zucchini
929,Strawberry
929,Vanilla
929,Pineapple
930,Xigua
930,Mango
930,Ugli Fruit
930,Ice Cream
930,Kiwi
930,Yam
930,Zucchini
930,Raspberry
930,Watermelon
930,Eggs
931,Dates
931,Zucchini
931,Vanilla
931,Nuts
932,Vanilla
932,Strawberry
933,Nuts
933,Vanilla
934,Ice Cream
934,Dates
934,Juice
935,Fish
935,Cherry
936,Watermelon
936,Apple
936,Raspberry
936,Yam
936,Vanilla
936,Grapes
937,Grapes
937,Ugli Fruit
937,Banana
937,Zucchini
937,Vanilla
938,Grapes
939,Kiwi
939,Cherry
939,Tomato
939,Pineapple
939,Watermelon
939,Eggs
939,Mango
939,Zucchini
939,Ice Cream
940,Kiwi
940,Mango
940,Eggs
940,Nuts
941,Orange
941,Juice
941,Cherry
941,Nuts
941,Quinoa
941,Eggs
941,Kiwi
941,Apple
941,Zucchini
941,Honey
942,Apple
942,Fish
943,Quinoa
943,Raspberry
943,Vanilla
943,Tomato
943,Pineapple
943,Xigua
944,Fish
945,Yam
945,Quinoa
945,Strawberry
945,Watermelon
945,Cherry
945,Zucchini
945,Grapes
945,Apple
945,Fish
946,Orange
947,Apple
947,Xigua
947,Tomato
947,Mango
947,Juice
947,Fish
947,Yam
947,Raspberry
948,Juice
948,Fish
948,Lemon
948,Ice Cream
948,Nuts
948,Apple
948,Honey
948,Yam
948,Watermelon
948,Orange
949,Fish
949,Watermelon
949,Nuts
950,Dates
950,Eggs
950,Cherry
951,Kiwi
951,Juice
951,Grapes
951,Nuts
951,Strawberry
951,Fish
951,Honey
951,Zucchini
951,Vanilla
952,Pineapple
952,Yam
953,Lemon
953,Grapes
953,Kiwi
953,Dates
954,Honey
955,Pineapple
955,Lemon
955,Juice
955,Nuts
955,Ugli Fruit
955,Orange
955,Watermelon
955,Yam
955,Ice Cream
956,Lemon
956,Ice Cream
956,Xigua
956,Fish
956,Juice
956,Cherry
956,Banana
956,Pineapple
956,Yam
957,Yam
957,Fish
957,Raspberry
958,Cherry
958,Kiwi
958,Lemon
958,Juice
959,Strawberry
959,Yam
959,Kiwi
959,Zucchini
959,Dates
959,Ice Cream
959,Honey
959,Watermelon
959,Orange
959,Xigua
960,Grapes
960,Yam
960,Mango
960,Cherry
960,Ugli Fruit
960,Raspberry
960,Nuts
960,Zucchini
961,Orange
961,Honey
961,Watermelon
961,Vanilla
961,Dates
961,Yam
961,Strawberry
961,Apple
961,Raspberry
962,Honey
962,Banana
962,Nuts
963,Kiwi
963,Eggs
963,Strawberry
963,Dates
963,Cherry
963,Ugli Fruit
963,Watermelon
963,Quinoa
963,Honey
964,Fish
964,Quinoa
964,Watermelon
964,Orange
965,Watermelon
965,Yam
966,Orange
966,Banana
966,Mango
966,Zucchini
967,Tomato
967,Lemon
967,Juice
967,Xigua
967,Honey
967,Vanilla
967,Banana
967,Raspberry
968,Fish
968,Vanilla
968,Juice
968,Grapes
969,Zucchini
969,Honey
969,Cherry
969,Mango
970,Kiwi
970,Juice
970,Tomato
970,Cherry
970,Fish
970,Vanilla
970,Mango
970,Lemon
970,Apple
970,Banana
971,Watermelon
972,Watermelon
972,Quinoa
972,Nuts
972,Ugli Fruit
972,Tomato
973,Kiwi
973,Strawberry
973,Vanilla
973,Nuts
973,Eggs
973,Fish
973,Zucchini
973,Apple
973,Juice
973,Ugli Fruit
974,Kiwi
974,Yam
974,Pineapple
974,Grapes
974,Honey
974,Quinoa
974,Mango
974,Lemon
974,Vanilla
975,Nuts
975,Strawberry
975,Ice Cream
975,Lemon
975,Yam
975,Quinoa
975,Mango
976,Cherry
976,Zucchini
976,Dates
977,Cherry
978,Nuts
978,Cherry
978,Raspberry
978,Dates
978,Watermelon
978,Yam
979,Kiwi
979,Tomato
980,Juice
980,Grapes
980,Tomato
980,Strawberry
980,Dates
980,Eggs
981,Apple
981,Orange
981,Kiwi
982,Dates
982,Yam
982,Grapes
982,Strawberry
982,Fish
983,Xigua
983,Orange
983,Yam
984,Ice Cream
984,Raspberry
984,Yam
984,Vanilla
985,Ice Cream
985,Vanilla
985,Banana
985,Apple
985,Yam
985,Fish
985,Zucchini
985,Dates
986,Grapes
986,Yam
986,Lemon
986,Pineapple
986,Watermelon
986,Ice Cream
986,Quinoa
986,Cherry
987,Juice
987,Grapes
987,Kiwi
987,Tomato
987,Strawberry
987,Dates
987,Pineapple
988,Honey
988,Tomato
988,Nuts
988,Grapes
988,Kiwi
988,Raspberry
988,Dates
989,Watermelon
989,Mango
989,Kiwi
989,Banana
989,Dates
989,Ice Cream
989,Honey
990,Zucchini
990,Eggs
990,Raspberry
990,Grapes
990,Cherry
990,Honey
990,Strawberry
990,Banana
990,Ugli Fruit
991,Lemon
991,Watermelon
991,Ice Cream
991,Nuts
991,Xigua
991,Ugli Fruit
992,Eggs
992,Orange
993,Xigua
994,Eggs
994,Orange
994,Banana
994,Watermelon
994,Fish
994,Grapes
994,Tomato
995,Grapes
995,Raspberry
996,Grapes
996,Mango
996,Xigua
997,Strawberry
997,Watermelon
997,Kiwi
997,Eggs
998,Lemon
998,Grapes
998,Orange
999,Tomato
999,Raspberry
999,Kiwi
999,Fish
999,Quinoa
999,Grapes
999,Dates
999,Cherry
1000,Eggs
1000,Dates
